"","x"
"1","Collapse_2106_1"
"2","Collapse_2106_2"
"3","Collapse_2106_3"
"4","Collapse_2106_4"
"5","Collapse_2106_5"
"6","Collapse_2106_6"
"7","Collapse_2106_7"
"8","Collapse_2106_8"
"9","Collapse_2106_9"
"10","Collapse_2106_10"
"11","Collapse_2106_11"
"12","Collapse_2106_12"
"13","Collapse_2106_13"
"14","Collapse_2106_14"
"15","Collapse_2106_15"
"16","Collapse_2106_16"
"17","Collapse_2106_17"
"18","Collapse_2106_18"
"19","Collapse_2106_19"
"20","Collapse_2106_20"
"21","Collapse_2106_21"
"22","Collapse_2106_22"
"23","Collapse_2106_23"
"24","Collapse_2106_24"
"25","Collapse_2106_25"
"26","Collapse_2106_26"
"27","Collapse_2106_27"
"28","Collapse_2106_28"
"29","Collapse_2106_29"
"30","Collapse_2106_30"
"31","Collapse_2106_31"
"32","Collapse_2106_32"
"33","Collapse_2106_33"
"34","Collapse_2106_34"
"35","Collapse_2106_35"
"36","Collapse_2106_36"
"37","Collapse_2106_37"
"38","Collapse_2106_38"
"39","Collapse_2106_39"
"40","Collapse_2106_40"
"41","Collapse_2106_41"
"42","Collapse_2106_42"
"43","Collapse_2106_43"
"44","Collapse_2106_44"
"45","Collapse_2106_45"
"46","Collapse_2106_46"
"47","Collapse_2106_47"
"48","Collapse_2106_48"
"49","Collapse_2106_49"
"50","Collapse_2106_50"
"51","Collapse_2106_51"
"52","Collapse_2106_52"
"53","Collapse_2106_53"
"54","Collapse_2106_54"
"55","Collapse_2106_55"
"56","Collapse_2106_56"
"57","Collapse_2106_57"
"58","Collapse_2106_58"
"59","Collapse_2106_59"
"60","Collapse_2106_60"
"61","Collapse_2106_61"
"62","Collapse_2106_62"
"63","Collapse_2106_63"
"64","Collapse_2106_64"
"65","Collapse_2106_65"
"66","Collapse_2106_66"
"67","Collapse_2106_67"
"68","Collapse_2106_68"
"69","Collapse_2106_69"
"70","Collapse_2106_70"
"71","Collapse_2106_71"
"72","Collapse_2106_72"
"73","Collapse_2106_73"
"74","Collapse_2106_74"
"75","Collapse_2106_75"
"76","Collapse_2106_76"
"77","Collapse_2106_77"
"78","Collapse_2106_78"
"79","Collapse_2106_79"
"80","Collapse_2106_80"
"81","Collapse_2106_81"
"82","Collapse_2106_82"
"83","Collapse_2106_83"
"84","Collapse_2106_84"
"85","Collapse_2106_85"
"86","Collapse_2106_86"
"87","Collapse_2106_87"
"88","Collapse_2106_88"
"89","Collapse_2106_89"
"90","Collapse_2106_90"
"91","Collapse_2106_91"
"92","Collapse_2106_92"
"93","Collapse_2106_93"
"94","Collapse_2106_94"
"95","Collapse_2106_95"
"96","Collapse_2106_96"
"97","Collapse_2106_97"
"98","Collapse_2106_98"
"99","Collapse_2106_99"
"100","Collapse_2106_100"
"101","Collapse_2106_101"
"102","Collapse_2106_102"
"103","Collapse_2106_103"
"104","Collapse_2106_104"
"105","Collapse_2106_105"
"106","Collapse_2106_106"
"107","Collapse_2106_107"
"108","Collapse_2106_108"
"109","Collapse_2106_109"
"110","Collapse_2106_110"
"111","Collapse_2106_111"
"112","Collapse_2106_112"
"113","Collapse_2106_113"
"114","Collapse_2106_114"
"115","Collapse_2106_115"
"116","Collapse_2106_116"
"117","Collapse_2106_117"
"118","Collapse_2106_118"
"119","Collapse_2106_119"
"120","Collapse_2106_120"
"121","Collapse_2106_121"
"122","Collapse_2106_122"
"123","Collapse_2106_123"
"124","Collapse_2106_124"
"125","Collapse_2106_125"
"126","Collapse_2106_126"
"127","Collapse_2106_127"
"128","Collapse_2106_128"
"129","Collapse_2106_129"
"130","Collapse_2106_130"
"131","Collapse_2106_131"
"132","Collapse_2106_132"
"133","Collapse_2106_133"
"134","Collapse_2106_134"
"135","Collapse_2106_135"
"136","Collapse_2106_136"
"137","Collapse_2106_137"
"138","Collapse_2106_138"
"139","Collapse_2106_139"
"140","Collapse_2106_140"
"141","Collapse_2106_141"
"142","Collapse_2106_142"
"143","Collapse_2106_143"
"144","Collapse_2106_144"
"145","Collapse_2106_145"
"146","Collapse_2106_146"
"147","Collapse_2106_147"
"148","Collapse_2106_148"
"149","Collapse_2106_149"
"150","Collapse_2106_150"
"151","Collapse_2106_151"
"152","Collapse_2106_152"
"153","Collapse_2106_153"
"154","Collapse_2106_154"
"155","Collapse_2106_155"
"156","Collapse_2106_156"
"157","Collapse_2106_157"
"158","Collapse_2106_158"
"159","Collapse_2106_159"
"160","Collapse_2106_160"
"161","Collapse_2106_161"
"162","Collapse_2106_162"
"163","Collapse_2106_163"
"164","Collapse_2106_164"
"165","Collapse_2106_165"
"166","Collapse_2106_166"
"167","Collapse_2106_167"
"168","Collapse_2106_168"
"169","Collapse_2106_169"
"170","Collapse_2106_170"
"171","Collapse_2106_171"
"172","Collapse_2106_172"
"173","Collapse_2106_173"
"174","Collapse_2106_174"
"175","Collapse_2106_175"
"176","Collapse_2106_176"
"177","Collapse_2106_177"
"178","Collapse_2106_178"
"179","Collapse_2106_179"
"180","Collapse_2106_180"
"181","Collapse_2106_181"
"182","Collapse_2106_182"
"183","Collapse_2106_183"
"184","Collapse_2106_184"
"185","Collapse_2106_185"
"186","Collapse_2106_186"
"187","Collapse_2106_187"
"188","Collapse_2106_188"
"189","Collapse_2106_189"
"190","Collapse_2106_190"
"191","Collapse_2106_191"
"192","Collapse_2106_192"
"193","Collapse_2106_193"
"194","Collapse_2106_194"
"195","Collapse_2106_195"
"196","Collapse_2106_196"
"197","Collapse_2106_197"
"198","Collapse_2106_198"
"199","Collapse_2106_199"
"200","Collapse_2106_200"
"201","Collapse_2106_201"
"202","Collapse_2106_202"
"203","Collapse_2106_203"
"204","Collapse_2106_204"
"205","Collapse_2106_205"
"206","Collapse_2106_206"
"207","Collapse_2106_207"
"208","Collapse_2106_208"
"209","Collapse_2106_209"
"210","Collapse_2106_210"
"211","Collapse_2106_211"
"212","Collapse_2106_212"
"213","Collapse_2106_213"
"214","Collapse_2106_214"
"215","Collapse_2106_215"
"216","Collapse_2106_216"
"217","Collapse_2106_217"
"218","Collapse_2106_218"
"219","Collapse_2106_219"
"220","Collapse_2106_220"
"221","Collapse_2106_221"
"222","Collapse_2106_222"
"223","Collapse_2106_223"
"224","Collapse_2106_224"
"225","Collapse_2106_225"
"226","Collapse_2106_226"
"227","Collapse_2106_227"
"228","Collapse_2106_228"
"229","Collapse_2106_229"
"230","Collapse_2106_230"
"231","Collapse_2106_231"
"232","Collapse_2106_232"
"233","Collapse_2106_233"
"234","Collapse_2106_234"
"235","Collapse_2106_235"
"236","Collapse_2106_236"
"237","Collapse_2106_237"
"238","Collapse_2106_238"
"239","Collapse_2106_239"
"240","Collapse_2106_240"
"241","Collapse_2106_241"
"242","Collapse_2106_242"
"243","Collapse_2106_243"
"244","Collapse_2106_244"
"245","Collapse_2106_245"
"246","Collapse_2106_246"
"247","Collapse_2106_247"
"248","Collapse_2106_248"
"249","Collapse_2106_249"
"250","Collapse_2106_250"
"251","Collapse_2106_251"
"252","Collapse_2106_252"
"253","Collapse_2106_253"
"254","Collapse_2106_254"
"255","Collapse_2106_255"
"256","Collapse_2106_256"
"257","Collapse_2106_257"
"258","Collapse_2106_258"
"259","Collapse_2106_259"
"260","Collapse_2106_260"
"261","Collapse_2106_261"
"262","Collapse_2106_262"
"263","Collapse_2106_263"
"264","Collapse_2106_264"
"265","Collapse_2106_265"
"266","Collapse_2106_266"
"267","Collapse_2106_267"
"268","Collapse_2106_268"
"269","Collapse_2106_269"
"270","Collapse_2106_270"
"271","Collapse_2106_271"
"272","Collapse_2106_272"
"273","Collapse_2106_273"
"274","Collapse_2106_274"
"275","Collapse_2106_275"
"276","Collapse_2106_276"
"277","Collapse_2106_277"
"278","Collapse_2106_278"
"279","Collapse_2106_279"
"280","Collapse_2106_280"
"281","Collapse_2106_281"
"282","Collapse_2106_282"
"283","Collapse_2106_283"
"284","Collapse_2106_284"
"285","Collapse_2106_285"
"286","Collapse_2106_286"
"287","Collapse_2106_287"
"288","Collapse_2106_288"
"289","Collapse_2106_289"
"290","Collapse_2106_290"
"291","Collapse_2106_291"
"292","Collapse_2106_292"
"293","Collapse_2106_293"
"294","Collapse_2106_294"
"295","Collapse_2106_295"
"296","Collapse_2106_296"
"297","Collapse_2106_297"
"298","Collapse_2106_298"
"299","Collapse_2106_299"
"300","Collapse_2106_300"
"301","Collapse_2106_301"
"302","Collapse_2106_302"
"303","Collapse_2106_303"
"304","Collapse_2106_304"
"305","Collapse_2106_305"
"306","Collapse_2106_306"
"307","Collapse_2106_307"
"308","Collapse_2106_308"
"309","Collapse_2106_309"
"310","Collapse_2106_310"
"311","Collapse_2106_311"
"312","Collapse_2106_312"
"313","Collapse_2106_313"
"314","Collapse_2106_314"
"315","Collapse_2106_315"
"316","Collapse_2106_316"
"317","Collapse_2106_317"
"318","Collapse_2106_318"
"319","Collapse_2106_319"
"320","Collapse_2106_320"
"321","Collapse_2106_321"
"322","Collapse_2106_322"
"323","Collapse_2106_323"
"324","Collapse_2106_324"
"325","Collapse_2106_325"
"326","Collapse_2106_326"
"327","Collapse_2106_327"
"328","Collapse_2106_328"
"329","Collapse_2106_329"
"330","Collapse_2106_330"
"331","Collapse_2106_331"
"332","Collapse_2106_332"
"333","Collapse_2106_333"
"334","Collapse_2106_334"
"335","Collapse_2106_335"
"336","Collapse_2106_336"
"337","Collapse_2106_337"
"338","Collapse_2106_338"
"339","Collapse_2106_339"
"340","Collapse_2106_340"
"341","Collapse_2106_341"
"342","Collapse_2106_342"
"343","Collapse_2106_343"
"344","Collapse_2106_344"
"345","Collapse_2106_345"
"346","Collapse_2106_346"
"347","Collapse_2106_347"
"348","Collapse_2106_348"
"349","Collapse_2106_349"
"350","Collapse_2106_350"
"351","Collapse_2106_351"
"352","Collapse_2106_352"
"353","Collapse_2106_353"
"354","Collapse_2106_354"
"355","Collapse_2106_355"
"356","Collapse_2106_356"
"357","Collapse_2106_357"
"358","Collapse_2106_358"
"359","Collapse_2106_359"
"360","Collapse_2106_360"
"361","Collapse_2106_361"
"362","Collapse_2106_362"
"363","Collapse_2106_363"
"364","Collapse_2106_364"
"365","Collapse_2106_365"
"366","Collapse_2106_366"
"367","Collapse_2106_367"
"368","Collapse_2106_368"
"369","Collapse_2106_369"
"370","Collapse_2106_370"
"371","Collapse_2106_371"
"372","Collapse_2106_372"
"373","Collapse_2106_373"
"374","Collapse_2106_374"
"375","Collapse_2106_375"
"376","Collapse_2106_376"
"377","Collapse_2106_377"
"378","Collapse_2106_378"
"379","Collapse_2106_379"
"380","Collapse_2106_380"
"381","Collapse_2106_381"
"382","Collapse_2106_382"
"383","Collapse_2106_383"
"384","Collapse_2106_384"
"385","Collapse_2106_385"
"386","Collapse_2106_386"
"387","Collapse_2106_387"
"388","Collapse_2106_388"
"389","Collapse_2106_389"
"390","Collapse_2106_390"
"391","Collapse_2106_391"
"392","Collapse_2106_392"
"393","Collapse_2106_393"
"394","Collapse_2106_394"
"395","Collapse_2106_395"
"396","Collapse_2106_396"
"397","Collapse_2106_397"
"398","Collapse_2106_398"
"399","Collapse_2106_399"
"400","Collapse_2106_400"
"401","Collapse_2106_401"
"402","Collapse_2106_402"
"403","Collapse_2106_403"
"404","Collapse_2106_404"
"405","Collapse_2106_405"
"406","Collapse_2106_406"
"407","Collapse_2106_407"
"408","Collapse_2106_408"
"409","Collapse_2106_409"
"410","Collapse_2106_410"
"411","Collapse_2106_411"
"412","Collapse_2106_412"
"413","Collapse_2106_413"
"414","Collapse_2106_414"
"415","Collapse_2106_415"
"416","Collapse_2106_416"
"417","Collapse_2106_417"
"418","Collapse_2106_418"
"419","Collapse_2106_419"
"420","Collapse_2106_420"
"421","Collapse_2106_421"
"422","Collapse_2106_422"
"423","Collapse_2106_423"
"424","Collapse_2106_424"
"425","Collapse_2106_425"
"426","Collapse_2106_426"
"427","Collapse_2106_427"
"428","Collapse_2106_428"
"429","Collapse_2106_429"
"430","Collapse_2106_430"
"431","Collapse_2106_431"
"432","Collapse_2106_432"
"433","Collapse_2106_433"
"434","Collapse_2106_434"
"435","Collapse_2106_435"
"436","Collapse_2106_436"
"437","Collapse_2106_437"
"438","Collapse_2106_438"
"439","Collapse_2106_439"
"440","Collapse_2106_440"
"441","Collapse_2106_441"
"442","Collapse_2106_442"
"443","Collapse_2106_443"
"444","Collapse_2106_444"
"445","Collapse_2106_445"
"446","Collapse_2106_446"
"447","Collapse_2106_447"
"448","Collapse_2106_448"
"449","Collapse_2106_449"
"450","Collapse_2106_450"
"451","Collapse_2106_451"
"452","Collapse_2106_452"
"453","Collapse_2106_453"
"454","Collapse_2106_454"
"455","Collapse_2106_455"
"456","Collapse_2106_456"
"457","Collapse_2106_457"
"458","Collapse_2106_458"
"459","Collapse_2106_459"
"460","Collapse_2106_460"
"461","Collapse_2106_461"
"462","Collapse_2106_462"
"463","Collapse_2106_463"
"464","Collapse_2106_464"
"465","Collapse_2106_465"
"466","Collapse_2106_466"
"467","Collapse_2106_467"
"468","Collapse_2106_468"
"469","Collapse_2106_469"
"470","Collapse_2106_470"
"471","Collapse_2106_471"
"472","Collapse_2106_472"
"473","Collapse_2106_473"
"474","Collapse_2106_474"
"475","Collapse_2106_475"
"476","Collapse_2106_476"
"477","Collapse_2106_477"
"478","Collapse_2106_478"
"479","Collapse_2106_479"
"480","Collapse_2106_480"
"481","Collapse_2106_481"
"482","Collapse_2106_482"
"483","Collapse_2106_483"
"484","Collapse_2106_484"
"485","Collapse_2106_485"
"486","Collapse_2106_486"
"487","Collapse_2106_487"
"488","Collapse_2106_488"
"489","Collapse_2106_489"
"490","Collapse_2106_490"
"491","Collapse_2106_491"
"492","Collapse_2106_492"
"493","Collapse_2106_493"
"494","Collapse_2106_494"
"495","Collapse_2106_495"
"496","Collapse_2106_496"
"497","Collapse_2106_497"
"498","Collapse_2106_498"
"499","Collapse_2106_499"
"500","Collapse_2106_500"
"501","Collapse_2106_501"
"502","Collapse_2106_502"
"503","Collapse_2106_503"
"504","Collapse_2106_504"
"505","Collapse_2106_505"
"506","Collapse_2106_506"
"507","Collapse_2106_507"
"508","Collapse_2106_508"
"509","Collapse_2106_509"
"510","Collapse_2106_510"
"511","Collapse_2106_511"
"512","Collapse_2106_512"
"513","Collapse_2106_513"
"514","Collapse_2106_514"
"515","Collapse_2106_515"
"516","Collapse_2106_516"
"517","Collapse_2106_517"
"518","Collapse_2106_518"
"519","Collapse_2106_519"
"520","Collapse_2106_520"
"521","Collapse_2106_521"
"522","Collapse_2106_522"
"523","Collapse_2106_523"
"524","Collapse_2106_524"
